sample_id;prediction
131672_1767670500;167.0302634001864
131672_1767670800;167.0302634001864
131672_1767671100;167.0302634001864
131672_1767671400;75.40106359424372
134040_1767672000;78.10638199190848
134040_1767672300;62.36512355137008
134040_1767672600;57.81992713468515
134040_1767672900;94.82599320801157
134040_1767673200;93.35818060570847
134040_1767673500;79.30035667872735
122048_1767673800;52.31025209885347
122048_1767674100;33.22187081335391
122048_1767674400;17.30681457019754
122048_1767674700;-0.2612473310640411
122048_1767675000;5.499171756076372
122048_1767675300;1.693851691899475
131672_1767675600;59.864851931712636
131672_1767675900;33.22894049654647
131672_1767676200;33.87482200347031
131672_1767676500;2.7044926631827124
131672_1767676800;20.675458079249747
131672_1767677100;14.070932050885567
122658_1767679500;23.374022136673318
122658_1767679800;23.374022136673318
122658_1767680100;23.374022136673318
122658_1767680400;24.18469832278691
122658_1767680700;54.380790176241476
134040_1767684600;9.0449996860103
130238_1767684600;19.205743375822717
130238_1767684900;19.205743375822717
134040_1767684900;58.61504328485196
134040_1767685200;103.05594524015751
130238_1767685200;18.296467927994517
134040_1767685500;96.47608373653682
130238_1767685500;46.879693464274574
134040_1767685800;79.45160566797475
130238_1767685800;50.58456330756005
130238_1767686100;52.335521890493666
134040_1767686100;93.61589852387166
122658_1767686400;17.391996015553996
122658_1767686700;17.391996015553996
122658_1767687000;17.391996015553996
122658_1767687300;17.391996015553996
122658_1767687600;17.391996015553996
122658_1767687900;17.391996015553996
122613_1767690000;-9.347952024747407
122613_1767690300;-9.347952024747407
122613_1767690600;16.639669407354354
122613_1767690900;34.04393912754311
122613_1767691200;45.33886004355066
122613_1767691500;35.39332344342478
122048_1767695400;-93.42895103982252
122048_1767695700;-33.80457929678019
122048_1767696000;73.1132808773053
122048_1767696300;73.1132808773053
122048_1767696600;-3.077986538206055
122048_1767696900;-57.26475467699082
133300_1767699000;83.91720824388617
122048_1767699000;-92.7652655712107
133300_1767699300;75.82056076400939
122048_1767699300;-92.7652655712107
122048_1767699600;-95.39740005826329
133300_1767699600;75.82056076400939
122048_1767699900;-99.6089577546602
133300_1767699900;72.61007477989749
122048_1767700200;89.4657203209415
133300_1767700200;100.10254196243181
122048_1767700500;89.4657203209415
133300_1767700500;88.49579647437741
133957_1767700800;-31.78422783244814
133957_1767701100;57.108352669236
133957_1767701400;56.822173796627666
133957_1767701700;74.82677468250895
133957_1767702000;90.74807557015967
133957_1767702300;77.0173956527084
129964_1767702600;-8.577081044862247
129964_1767702900;-45.92829234381546
129964_1767703200;-33.19501273549088
129964_1767703500;-29.04460130321786
129964_1767704100;-49.95464055263069
122658_1767706200;55.81715613279642
122658_1767706500;58.35128150440991
122658_1767706800;58.35128150440991
122658_1767707100;58.35128150440991
122658_1767707400;58.35128150440991
131672_1767709800;84.47951191183994
122048_1767709800;-19.884577890531858
131672_1767710100;83.97279788881856
122048_1767710100;-19.884577890531858
131672_1767710400;57.09398344082029
122048_1767710400;138.0513188114703
122048_1767710700;-63.487772308041585
131672_1767710700;38.20871900664933
131672_1767711000;2.340523036097345
122048_1767711000;43.27147770940451
122048_1767711300;-14.96702091134349
131672_1767711300;2.340523036097345
132430_1767713400;234.25020744999117
133300_1767713400;27.78600278056717
132430_1767713700;280.05819353433577
133300_1767713700;44.4977619402161
133300_1767714000;42.66219765503239
132430_1767714000;257.63640188508464
132430_1767714300;257.63640188508464
133300_1767714600;50.123481223281765
132430_1767714600;278.8387166788126
132430_1767714900;234.58496745638644
133300_1767714900;67.85872895380356
122048_1767717000;-35.42262244248457
122048_1767717300;-35.42262244248457
122048_1767717600;-35.42262244248457
122613_1767718800;14.833213775816489
132430_1767720000;292.76142901040305
132430_1767720300;292.76142901040305
131672_1767722400;85.23079768336225
131672_1767722700;150.11676470832708
131672_1767723000;229.70739143857838
131672_1767723300;284.14186488452856
131672_1767723600;335.26654424867166
131672_1767723900;309.5787649597183
133957_1767724200;203.4092947939124
132430_1767727800;198.93590193977045
132430_1767728100;231.25970982458878
132430_1767728400;208.8226490875909
132430_1767728700;244.67414316323118
132430_1767729000;147.10986113632424
132430_1767729300;154.348492230395
122048_1767731400;20.110802713338668
122048_1767731700;20.110802713338668
122048_1767732000;20.110802713338668
122048_1767732300;20.110802713338668
122048_1767732600;21.57773025529472
122048_1767732900;21.57773025529472
134040_1767733200;163.2210578930373
134040_1767733500;209.55999792067735
134040_1767733800;213.86095288057012
134040_1767734100;241.15611721819334
134040_1767734400;241.15611721819334
134040_1767734700;241.15611721819334
130072_1767736800;7.475958947543617
130072_1767737100;7.475958947543617
130072_1767737400;7.475958947543617
130072_1767737700;7.475958947543617
130072_1767738000;7.475958947543617
130072_1767738300;7.475958947543617
130072_1767742200;6.930272651824652
130072_1767742500;6.930272651824652
130072_1767742800;6.930272651824652
130072_1767743100;6.930272651824652
130072_1767743400;6.930272651824652
130072_1767743700;6.930272651824652
